image,true_sentiment_ids,true_sentiment_names,predicted_sentiments,predicted_sentiment_names,confidence_scores
01/105481.jpg,8;11,"Calmï¿½(soothed, peaceful, comforted, fullfilled, cozy);Consciousï¿½(aware, thoughtful, prepared)",1,"Activeï¿½(energetic, adventurous, vibrant, enthusiastic, playful)",0.9998
01/106901.jpg,1,"Activeï¿½(energetic, adventurous, vibrant, enthusiastic, playful)",1,"Activeï¿½(energetic, adventurous, vibrant, enthusiastic, playful)",1.0000
01/107031.jpg,1,"Activeï¿½(energetic, adventurous, vibrant, enthusiastic, playful)",1,"Activeï¿½(energetic, adventurous, vibrant, enthusiastic, playful)",1.0000
01/108751.jpg,1;6;11,"Activeï¿½(energetic, adventurous, vibrant, enthusiastic, playful);Amusedï¿½(humored, laughing);Consciousï¿½(aware, thoughtful, prepared)",1;4;9,"Activeï¿½(energetic, adventurous, vibrant, enthusiastic, playful);Alertï¿½(attentive, curious);Cheerfulï¿½(delighted, happy, joyful, carefree, optimistic)",0.6895;0.8394;0.9964
01/116981.jpg,4,"Alertï¿½(attentive, curious)",,,
01/117011.jpg,8;11,"Calmï¿½(soothed, peaceful, comforted, fullfilled, cozy);Consciousï¿½(aware, thoughtful, prepared)",6,"Amusedï¿½(humored, laughing)",0.9998
01/11791.jpg,4;8;9;12,"Alertï¿½(attentive, curious);Calmï¿½(soothed, peaceful, comforted, fullfilled, cozy);Cheerfulï¿½(delighted, happy, joyful, carefree, optimistic);Unknown",4;9,"Alertï¿½(attentive, curious);Cheerfulï¿½(delighted, happy, joyful, carefree, optimistic)",0.9995;0.5008
01/118051.jpg,1,"Activeï¿½(energetic, adventurous, vibrant, enthusiastic, playful)",1,"Activeï¿½(energetic, adventurous, vibrant, enthusiastic, playful)",1.0000
01/11811.jpg,4;8;9;12,"Alertï¿½(attentive, curious);Calmï¿½(soothed, peaceful, comforted, fullfilled, cozy);Cheerfulï¿½(delighted, happy, joyful, carefree, optimistic);Unknown",1;4,"Activeï¿½(energetic, adventurous, vibrant, enthusiastic, playful);Alertï¿½(attentive, curious)",0.9999;0.5246
01/121751.jpg,1;4;12,"Activeï¿½(energetic, adventurous, vibrant, enthusiastic, playful);Alertï¿½(attentive, curious);Unknown",1,"Activeï¿½(energetic, adventurous, vibrant, enthusiastic, playful)",0.9989
01/12231.jpg,4;11;12,"Alertï¿½(attentive, curious);Consciousï¿½(aware, thoughtful, prepared);Unknown",1;11,"Activeï¿½(energetic, adventurous, vibrant, enthusiastic, playful);Consciousï¿½(aware, thoughtful, prepared)",1.0000;0.8062
01/123051.jpg,1;6,"Activeï¿½(energetic, adventurous, vibrant, enthusiastic, playful);Amusedï¿½(humored, laughing)",4;6,"Alertï¿½(attentive, curious);Amusedï¿½(humored, laughing)",0.9293;0.9806
01/127261.jpg,1;8;12,"Activeï¿½(energetic, adventurous, vibrant, enthusiastic, playful);Calmï¿½(soothed, peaceful, comforted, fullfilled, cozy);Unknown",9,"Cheerfulï¿½(delighted, happy, joyful, carefree, optimistic)",0.6081
01/129281.jpg,1;12,"Activeï¿½(energetic, adventurous, vibrant, enthusiastic, playful);Unknown",4;6,"Alertï¿½(attentive, curious);Amusedï¿½(humored, laughing)",0.9919;0.9994
01/131411.jpg,5;6;9;12,"Amazedï¿½(surprised, astonished, awed, fascinated, intrigued);Amusedï¿½(humored, laughing);Cheerfulï¿½(delighted, happy, joyful, carefree, optimistic);Unknown",1;8;9,"Activeï¿½(energetic, adventurous, vibrant, enthusiastic, playful);Calmï¿½(soothed, peaceful, comforted, fullfilled, cozy);Cheerfulï¿½(delighted, happy, joyful, carefree, optimistic)",0.8648;0.9707;0.8971
01/132341.jpg,1;11,"Activeï¿½(energetic, adventurous, vibrant, enthusiastic, playful);Consciousï¿½(aware, thoughtful, prepared)",1;8,"Activeï¿½(energetic, adventurous, vibrant, enthusiastic, playful);Calmï¿½(soothed, peaceful, comforted, fullfilled, cozy)",0.9995;0.7841
01/135311.jpg,2;4;7;13,"Afraidï¿½(horrified, scared, fearful);Alertï¿½(attentive, curious);Angryï¿½(annoyed, irritated);Disturbedï¿½(disgusted, shocked)",9,"Cheerfulï¿½(delighted, happy, joyful, carefree, optimistic)",0.9794
01/138421.jpg,1;4;12,"Activeï¿½(energetic, adventurous, vibrant, enthusiastic, playful);Alertï¿½(attentive, curious);Unknown",4,"Alertï¿½(attentive, curious)",0.9801
01/139341.jpg,1;4;6,"Activeï¿½(energetic, adventurous, vibrant, enthusiastic, playful);Alertï¿½(attentive, curious);Amusedï¿½(humored, laughing)",3;13,"Alarmedï¿½(concerned, worried, anxious, overwhelmed);Disturbedï¿½(disgusted, shocked)",0.9702;0.7302
01/139681.jpg,4;12;13,"Alertï¿½(attentive, curious);Unknown;Disturbedï¿½(disgusted, shocked)",4,"Alertï¿½(attentive, curious)",0.9994
01/141521.jpg,1,"Activeï¿½(energetic, adventurous, vibrant, enthusiastic, playful)",1;4;9,"Activeï¿½(energetic, adventurous, vibrant, enthusiastic, playful);Alertï¿½(attentive, curious);Cheerfulï¿½(delighted, happy, joyful, carefree, optimistic)",0.6907;0.9999;0.9941
01/141621.jpg,1;12,"Activeï¿½(energetic, adventurous, vibrant, enthusiastic, playful);Unknown",1,"Activeï¿½(energetic, adventurous, vibrant, enthusiastic, playful)",1.0000
01/1421.jpg,4;6;9;12,"Alertï¿½(attentive, curious);Amusedï¿½(humored, laughing);Cheerfulï¿½(delighted, happy, joyful, carefree, optimistic);Unknown",4,"Alertï¿½(attentive, curious)",0.5716
01/143731.jpg,1;4;12,"Activeï¿½(energetic, adventurous, vibrant, enthusiastic, playful);Alertï¿½(attentive, curious);Unknown",1;11;13,"Activeï¿½(energetic, adventurous, vibrant, enthusiastic, playful);Consciousï¿½(aware, thoughtful, prepared);Disturbedï¿½(disgusted, shocked)",0.9999;0.9826;0.9827
01/144811.jpg,1;6,"Activeï¿½(energetic, adventurous, vibrant, enthusiastic, playful);Amusedï¿½(humored, laughing)",1,"Activeï¿½(energetic, adventurous, vibrant, enthusiastic, playful)",1.0000
01/1471.jpg,1;4;11,"Activeï¿½(energetic, adventurous, vibrant, enthusiastic, playful);Alertï¿½(attentive, curious);Consciousï¿½(aware, thoughtful, prepared)",1;6;11,"Activeï¿½(energetic, adventurous, vibrant, enthusiastic, playful);Amusedï¿½(humored, laughing);Consciousï¿½(aware, thoughtful, prepared)",1.0000;1.0000;0.8598
01/149411.jpg,1;11;12,"Activeï¿½(energetic, adventurous, vibrant, enthusiastic, playful);Consciousï¿½(aware, thoughtful, prepared);Unknown",1;4,"Activeï¿½(energetic, adventurous, vibrant, enthusiastic, playful);Alertï¿½(attentive, curious)",0.9715;0.5764
01/149481.jpg,1;4;11,"Activeï¿½(energetic, adventurous, vibrant, enthusiastic, playful);Alertï¿½(attentive, curious);Consciousï¿½(aware, thoughtful, prepared)",1;11,"Activeï¿½(energetic, adventurous, vibrant, enthusiastic, playful);Consciousï¿½(aware, thoughtful, prepared)",0.9945;0.7108
01/149491.jpg,1;4,"Activeï¿½(energetic, adventurous, vibrant, enthusiastic, playful);Alertï¿½(attentive, curious)",1,"Activeï¿½(energetic, adventurous, vibrant, enthusiastic, playful)",0.9763
01/149561.jpg,1;4;5;8;9,"Activeï¿½(energetic, adventurous, vibrant, enthusiastic, playful);Alertï¿½(attentive, curious);Amazedï¿½(surprised, astonished, awed, fascinated, intrigued);Calmï¿½(soothed, peaceful, comforted, fullfilled, cozy);Cheerfulï¿½(delighted, happy, joyful, carefree, optimistic)",1,"Activeï¿½(energetic, adventurous, vibrant, enthusiastic, playful)",0.7864
01/149851.jpg,5;12,"Amazedï¿½(surprised, astonished, awed, fascinated, intrigued);Unknown",6;9,"Amusedï¿½(humored, laughing);Cheerfulï¿½(delighted, happy, joyful, carefree, optimistic)",0.9995;0.9859
01/1551.jpg,4;6;12,"Alertï¿½(attentive, curious);Amusedï¿½(humored, laughing);Unknown",11,"Consciousï¿½(aware, thoughtful, prepared)",1.0000
01/157831.jpg,4;6;11;12,"Alertï¿½(attentive, curious);Amusedï¿½(humored, laughing);Consciousï¿½(aware, thoughtful, prepared);Unknown",3;4;6,"Alarmedï¿½(concerned, worried, anxious, overwhelmed);Alertï¿½(attentive, curious);Amusedï¿½(humored, laughing)",0.9507;0.8784;0.8943
01/157981.jpg,1;4;6;11;12,"Activeï¿½(energetic, adventurous, vibrant, enthusiastic, playful);Alertï¿½(attentive, curious);Amusedï¿½(humored, laughing);Consciousï¿½(aware, thoughtful, prepared);Unknown",1;4,"Activeï¿½(energetic, adventurous, vibrant, enthusiastic, playful);Alertï¿½(attentive, curious)",0.9890;0.7160
01/158371.jpg,1;4;5;12,"Activeï¿½(energetic, adventurous, vibrant, enthusiastic, playful);Alertï¿½(attentive, curious);Amazedï¿½(surprised, astonished, awed, fascinated, intrigued);Unknown",4,"Alertï¿½(attentive, curious)",0.9967
01/158431.jpg,4;5;12,"Alertï¿½(attentive, curious);Amazedï¿½(surprised, astonished, awed, fascinated, intrigued);Unknown",1,"Activeï¿½(energetic, adventurous, vibrant, enthusiastic, playful)",0.9995
01/159171.jpg,1;7;8,"Activeï¿½(energetic, adventurous, vibrant, enthusiastic, playful);Angryï¿½(annoyed, irritated);Calmï¿½(soothed, peaceful, comforted, fullfilled, cozy)",1,"Activeï¿½(energetic, adventurous, vibrant, enthusiastic, playful)",0.6750
01/159351.jpg,1;5;8;12,"Activeï¿½(energetic, adventurous, vibrant, enthusiastic, playful);Amazedï¿½(surprised, astonished, awed, fascinated, intrigued);Calmï¿½(soothed, peaceful, comforted, fullfilled, cozy);Unknown",1;4,"Activeï¿½(energetic, adventurous, vibrant, enthusiastic, playful);Alertï¿½(attentive, curious)",0.9972;0.9992
01/159521.jpg,1;12,"Activeï¿½(energetic, adventurous, vibrant, enthusiastic, playful);Unknown",1;6;9,"Activeï¿½(energetic, adventurous, vibrant, enthusiastic, playful);Amusedï¿½(humored, laughing);Cheerfulï¿½(delighted, happy, joyful, carefree, optimistic)",0.9999;0.9845;0.7066
01/162631.jpg,12,Unknown,,,
01/163301.jpg,5;11,"Amazedï¿½(surprised, astonished, awed, fascinated, intrigued);Consciousï¿½(aware, thoughtful, prepared)",1;9,"Activeï¿½(energetic, adventurous, vibrant, enthusiastic, playful);Cheerfulï¿½(delighted, happy, joyful, carefree, optimistic)",0.6678;0.9882
01/163911.jpg,6,"Amusedï¿½(humored, laughing)",6;9,"Amusedï¿½(humored, laughing);Cheerfulï¿½(delighted, happy, joyful, carefree, optimistic)",0.9982;0.9999
01/164091.jpg,4;8;12,"Alertï¿½(attentive, curious);Calmï¿½(soothed, peaceful, comforted, fullfilled, cozy);Unknown",6;11,"Amusedï¿½(humored, laughing);Consciousï¿½(aware, thoughtful, prepared)",0.9502;0.9364
01/24961.jpg,8;12,"Calmï¿½(soothed, peaceful, comforted, fullfilled, cozy);Unknown",1,"Activeï¿½(energetic, adventurous, vibrant, enthusiastic, playful)",0.5310
01/25491.jpg,8;11;12,"Calmï¿½(soothed, peaceful, comforted, fullfilled, cozy);Consciousï¿½(aware, thoughtful, prepared);Unknown",1;11,"Activeï¿½(energetic, adventurous, vibrant, enthusiastic, playful);Consciousï¿½(aware, thoughtful, prepared)",0.7486;0.6891
01/26211.jpg,1;9;12,"Activeï¿½(energetic, adventurous, vibrant, enthusiastic, playful);Cheerfulï¿½(delighted, happy, joyful, carefree, optimistic);Unknown",6,"Amusedï¿½(humored, laughing)",0.9991
01/26321.jpg,1;12,"Activeï¿½(energetic, adventurous, vibrant, enthusiastic, playful);Unknown",1;2;6;13,"Activeï¿½(energetic, adventurous, vibrant, enthusiastic, playful);Afraidï¿½(horrified, scared, fearful);Amusedï¿½(humored, laughing);Disturbedï¿½(disgusted, shocked)",0.9969;0.9331;0.5783;0.8776
01/34321.jpg,1;12,"Activeï¿½(energetic, adventurous, vibrant, enthusiastic, playful);Unknown",9;11,"Cheerfulï¿½(delighted, happy, joyful, carefree, optimistic);Consciousï¿½(aware, thoughtful, prepared)",0.9041;0.6943
01/35451.jpg,4;12,"Alertï¿½(attentive, curious);Unknown",3;7;11,"Alarmedï¿½(concerned, worried, anxious, overwhelmed);Angryï¿½(annoyed, irritated);Consciousï¿½(aware, thoughtful, prepared)",0.9992;0.5824;0.6076
01/35771.jpg,1;6,"Activeï¿½(energetic, adventurous, vibrant, enthusiastic, playful);Amusedï¿½(humored, laughing)",1;8,"Activeï¿½(energetic, adventurous, vibrant, enthusiastic, playful);Calmï¿½(soothed, peaceful, comforted, fullfilled, cozy)",0.9991;0.7830
01/36151.jpg,4;12,"Alertï¿½(attentive, curious);Unknown",1;4,"Activeï¿½(energetic, adventurous, vibrant, enthusiastic, playful);Alertï¿½(attentive, curious)",0.8887;0.5277
01/37151.jpg,9;11;12,"Cheerfulï¿½(delighted, happy, joyful, carefree, optimistic);Consciousï¿½(aware, thoughtful, prepared);Unknown",6,"Amusedï¿½(humored, laughing)",0.9921
01/38231.jpg,1;8;12,"Activeï¿½(energetic, adventurous, vibrant, enthusiastic, playful);Calmï¿½(soothed, peaceful, comforted, fullfilled, cozy);Unknown",1;9,"Activeï¿½(energetic, adventurous, vibrant, enthusiastic, playful);Cheerfulï¿½(delighted, happy, joyful, carefree, optimistic)",1.0000;0.9960
01/39591.jpg,1;11;12,"Activeï¿½(energetic, adventurous, vibrant, enthusiastic, playful);Consciousï¿½(aware, thoughtful, prepared);Unknown",4;5;6;11,"Alertï¿½(attentive, curious);Amazedï¿½(surprised, astonished, awed, fascinated, intrigued);Amusedï¿½(humored, laughing);Consciousï¿½(aware, thoughtful, prepared)",0.7230;0.7390;0.9995;0.8589
01/39781.jpg,1;9,"Activeï¿½(energetic, adventurous, vibrant, enthusiastic, playful);Cheerfulï¿½(delighted, happy, joyful, carefree, optimistic)",,,
01/41.jpg,1;4;5;11,"Activeï¿½(energetic, adventurous, vibrant, enthusiastic, playful);Alertï¿½(attentive, curious);Amazedï¿½(surprised, astonished, awed, fascinated, intrigued);Consciousï¿½(aware, thoughtful, prepared)",4,"Alertï¿½(attentive, curious)",0.9975
01/41281.jpg,4;11;12,"Alertï¿½(attentive, curious);Consciousï¿½(aware, thoughtful, prepared);Unknown",1,"Activeï¿½(energetic, adventurous, vibrant, enthusiastic, playful)",1.0000
01/44811.jpg,1,"Activeï¿½(energetic, adventurous, vibrant, enthusiastic, playful)",1;8;9,"Activeï¿½(energetic, adventurous, vibrant, enthusiastic, playful);Calmï¿½(soothed, peaceful, comforted, fullfilled, cozy);Cheerfulï¿½(delighted, happy, joyful, carefree, optimistic)",0.9438;0.6502;0.7363
01/45941.jpg,4;12,"Alertï¿½(attentive, curious);Unknown",3;4;11,"Alarmedï¿½(concerned, worried, anxious, overwhelmed);Alertï¿½(attentive, curious);Consciousï¿½(aware, thoughtful, prepared)",0.7084;1.0000;0.8954
01/46021.jpg,1;4;12,"Activeï¿½(energetic, adventurous, vibrant, enthusiastic, playful);Alertï¿½(attentive, curious);Unknown",1;6,"Activeï¿½(energetic, adventurous, vibrant, enthusiastic, playful);Amusedï¿½(humored, laughing)",0.9998;0.9996
01/47311.jpg,8;9;11;12,"Calmï¿½(soothed, peaceful, comforted, fullfilled, cozy);Cheerfulï¿½(delighted, happy, joyful, carefree, optimistic);Consciousï¿½(aware, thoughtful, prepared);Unknown",1;4,"Activeï¿½(energetic, adventurous, vibrant, enthusiastic, playful);Alertï¿½(attentive, curious)",0.9964;0.8525
01/47391.jpg,5;12;13,"Amazedï¿½(surprised, astonished, awed, fascinated, intrigued);Unknown;Disturbedï¿½(disgusted, shocked)",1,"Activeï¿½(energetic, adventurous, vibrant, enthusiastic, playful)",1.0000
01/5351.jpg,1;11,"Activeï¿½(energetic, adventurous, vibrant, enthusiastic, playful);Consciousï¿½(aware, thoughtful, prepared)",4,"Alertï¿½(attentive, curious)",0.9454
01/55781.jpg,1;4;9;12,"Activeï¿½(energetic, adventurous, vibrant, enthusiastic, playful);Alertï¿½(attentive, curious);Cheerfulï¿½(delighted, happy, joyful, carefree, optimistic);Unknown",1;4,"Activeï¿½(energetic, adventurous, vibrant, enthusiastic, playful);Alertï¿½(attentive, curious)",1.0000;0.9997
01/55981.jpg,4;9;12,"Alertï¿½(attentive, curious);Cheerfulï¿½(delighted, happy, joyful, carefree, optimistic);Unknown",4;6,"Alertï¿½(attentive, curious);Amusedï¿½(humored, laughing)",0.8921;0.7055
01/63141.jpg,1;4;11,"Activeï¿½(energetic, adventurous, vibrant, enthusiastic, playful);Alertï¿½(attentive, curious);Consciousï¿½(aware, thoughtful, prepared)",1;4;11,"Activeï¿½(energetic, adventurous, vibrant, enthusiastic, playful);Alertï¿½(attentive, curious);Consciousï¿½(aware, thoughtful, prepared)",0.9997;0.9890;0.5732
01/65151.jpg,11,"Consciousï¿½(aware, thoughtful, prepared)",,,
01/65851.jpg,8,"Calmï¿½(soothed, peaceful, comforted, fullfilled, cozy)",4;6;11,"Alertï¿½(attentive, curious);Amusedï¿½(humored, laughing);Consciousï¿½(aware, thoughtful, prepared)",0.9335;0.5168;0.6513
01/68181.jpg,4;11,"Alertï¿½(attentive, curious);Consciousï¿½(aware, thoughtful, prepared)",4,"Alertï¿½(attentive, curious)",1.0000
01/71261.jpg,1;5;12,"Activeï¿½(energetic, adventurous, vibrant, enthusiastic, playful);Amazedï¿½(surprised, astonished, awed, fascinated, intrigued);Unknown",,,
01/7231.jpg,1;12,"Activeï¿½(energetic, adventurous, vibrant, enthusiastic, playful);Unknown",1;6,"Activeï¿½(energetic, adventurous, vibrant, enthusiastic, playful);Amusedï¿½(humored, laughing)",1.0000;0.5390
01/73351.jpg,4;11;12,"Alertï¿½(attentive, curious);Consciousï¿½(aware, thoughtful, prepared);Unknown",,,
01/74141.jpg,1;4,"Activeï¿½(energetic, adventurous, vibrant, enthusiastic, playful);Alertï¿½(attentive, curious)",1,"Activeï¿½(energetic, adventurous, vibrant, enthusiastic, playful)",0.6324
01/74181.jpg,1;5;11;12,"Activeï¿½(energetic, adventurous, vibrant, enthusiastic, playful);Amazedï¿½(surprised, astonished, awed, fascinated, intrigued);Consciousï¿½(aware, thoughtful, prepared);Unknown",,,
01/7461.jpg,1,"Activeï¿½(energetic, adventurous, vibrant, enthusiastic, playful)",1;13,"Activeï¿½(energetic, adventurous, vibrant, enthusiastic, playful);Disturbedï¿½(disgusted, shocked)",0.8579;0.6158
01/75001.jpg,5;8;12;13,"Amazedï¿½(surprised, astonished, awed, fascinated, intrigued);Calmï¿½(soothed, peaceful, comforted, fullfilled, cozy);Unknown;Disturbedï¿½(disgusted, shocked)",1;3;9;11,"Activeï¿½(energetic, adventurous, vibrant, enthusiastic, playful);Alarmedï¿½(concerned, worried, anxious, overwhelmed);Cheerfulï¿½(delighted, happy, joyful, carefree, optimistic);Consciousï¿½(aware, thoughtful, prepared)",0.9175;0.8582;0.8775;0.9999
01/76621.jpg,1;12,"Activeï¿½(energetic, adventurous, vibrant, enthusiastic, playful);Unknown",1;3;4,"Activeï¿½(energetic, adventurous, vibrant, enthusiastic, playful);Alarmedï¿½(concerned, worried, anxious, overwhelmed);Alertï¿½(attentive, curious)",1.0000;0.8764;0.9521
01/76721.jpg,1;12,"Activeï¿½(energetic, adventurous, vibrant, enthusiastic, playful);Unknown",1,"Activeï¿½(energetic, adventurous, vibrant, enthusiastic, playful)",0.9998
01/83381.jpg,8;11;12,"Calmï¿½(soothed, peaceful, comforted, fullfilled, cozy);Consciousï¿½(aware, thoughtful, prepared);Unknown",1;4;9,"Activeï¿½(energetic, adventurous, vibrant, enthusiastic, playful);Alertï¿½(attentive, curious);Cheerfulï¿½(delighted, happy, joyful, carefree, optimistic)",1.0000;0.8443;0.6908
01/84521.jpg,1,"Activeï¿½(energetic, adventurous, vibrant, enthusiastic, playful)",1,"Activeï¿½(energetic, adventurous, vibrant, enthusiastic, playful)",0.9999
01/84591.jpg,4;11;12,"Alertï¿½(attentive, curious);Consciousï¿½(aware, thoughtful, prepared);Unknown",6;11,"Amusedï¿½(humored, laughing);Consciousï¿½(aware, thoughtful, prepared)",1.0000;0.6796
01/87601.jpg,1;9,"Activeï¿½(energetic, adventurous, vibrant, enthusiastic, playful);Cheerfulï¿½(delighted, happy, joyful, carefree, optimistic)",1;8,"Activeï¿½(energetic, adventurous, vibrant, enthusiastic, playful);Calmï¿½(soothed, peaceful, comforted, fullfilled, cozy)",0.9953;0.9924
01/88411.jpg,2;3;4;6;12,"Afraidï¿½(horrified, scared, fearful);Alarmedï¿½(concerned, worried, anxious, overwhelmed);Alertï¿½(attentive, curious);Amusedï¿½(humored, laughing);Unknown",,,
01/90851.jpg,4,"Alertï¿½(attentive, curious)",,,
01/93301.jpg,1;4,"Activeï¿½(energetic, adventurous, vibrant, enthusiastic, playful);Alertï¿½(attentive, curious)",1,"Activeï¿½(energetic, adventurous, vibrant, enthusiastic, playful)",0.9892
01/93471.jpg,4;12,"Alertï¿½(attentive, curious);Unknown",4,"Alertï¿½(attentive, curious)",0.9993
01/93501.jpg,4;11,"Alertï¿½(attentive, curious);Consciousï¿½(aware, thoughtful, prepared)",1,"Activeï¿½(energetic, adventurous, vibrant, enthusiastic, playful)",0.9838
01/93541.jpg,1;4,"Activeï¿½(energetic, adventurous, vibrant, enthusiastic, playful);Alertï¿½(attentive, curious)",1;4;6;11,"Activeï¿½(energetic, adventurous, vibrant, enthusiastic, playful);Alertï¿½(attentive, curious);Amusedï¿½(humored, laughing);Consciousï¿½(aware, thoughtful, prepared)",1.0000;0.9680;0.8361;0.9976
01/94711.jpg,4;12,"Alertï¿½(attentive, curious);Unknown",1;6,"Activeï¿½(energetic, adventurous, vibrant, enthusiastic, playful);Amusedï¿½(humored, laughing)",0.9894;0.9993
01/97121.jpg,1;4,"Activeï¿½(energetic, adventurous, vibrant, enthusiastic, playful);Alertï¿½(attentive, curious)",1;4;6,"Activeï¿½(energetic, adventurous, vibrant, enthusiastic, playful);Alertï¿½(attentive, curious);Amusedï¿½(humored, laughing)",0.9960;1.0000;0.9936
010/170164.png,1;4;12,"Activeï¿½(energetic, adventurous, vibrant, enthusiastic, playful);Alertï¿½(attentive, curious);Unknown",1,"Activeï¿½(energetic, adventurous, vibrant, enthusiastic, playful)",1.0000
010/170276.png,6;12,"Amusedï¿½(humored, laughing);Unknown",11,"Consciousï¿½(aware, thoughtful, prepared)",0.8842
010/170288.png,1;5;12,"Activeï¿½(energetic, adventurous, vibrant, enthusiastic, playful);Amazedï¿½(surprised, astonished, awed, fascinated, intrigued);Unknown",1;4;11,"Activeï¿½(energetic, adventurous, vibrant, enthusiastic, playful);Alertï¿½(attentive, curious);Consciousï¿½(aware, thoughtful, prepared)",0.9919;0.9966;0.6887
010/170293.png,4;12,"Alertï¿½(attentive, curious);Unknown",4;11,"Alertï¿½(attentive, curious);Consciousï¿½(aware, thoughtful, prepared)",0.9544;0.9999
010/170602.png,1;4;11;12,"Activeï¿½(energetic, adventurous, vibrant, enthusiastic, playful);Alertï¿½(attentive, curious);Consciousï¿½(aware, thoughtful, prepared);Unknown",1;4,"Activeï¿½(energetic, adventurous, vibrant, enthusiastic, playful);Alertï¿½(attentive, curious)",1.0000;0.9945
010/170683.png,6,"Amusedï¿½(humored, laughing)",6,"Amusedï¿½(humored, laughing)",0.9999
010/170924.png,1;6;9,"Activeï¿½(energetic, adventurous, vibrant, enthusiastic, playful);Amusedï¿½(humored, laughing);Cheerfulï¿½(delighted, happy, joyful, carefree, optimistic)",1;4,"Activeï¿½(energetic, adventurous, vibrant, enthusiastic, playful);Alertï¿½(attentive, curious)",0.9958;0.9825
010/171021.png,4;9;12,"Alertï¿½(attentive, curious);Cheerfulï¿½(delighted, happy, joyful, carefree, optimistic);Unknown",1;6;9;11,"Activeï¿½(energetic, adventurous, vibrant, enthusiastic, playful);Amusedï¿½(humored, laughing);Cheerfulï¿½(delighted, happy, joyful, carefree, optimistic);Consciousï¿½(aware, thoughtful, prepared)",0.9995;0.6149;1.0000;0.9952
010/171077.png,4;11;12,"Alertï¿½(attentive, curious);Consciousï¿½(aware, thoughtful, prepared);Unknown",1;4;6;11,"Activeï¿½(energetic, adventurous, vibrant, enthusiastic, playful);Alertï¿½(attentive, curious);Amusedï¿½(humored, laughing);Consciousï¿½(aware, thoughtful, prepared)",0.9236;0.8447;0.5728;0.5331
010/171133.png,1;11,"Activeï¿½(energetic, adventurous, vibrant, enthusiastic, playful);Consciousï¿½(aware, thoughtful, prepared)",1,"Activeï¿½(energetic, adventurous, vibrant, enthusiastic, playful)",1.0000
010/171191.png,1;4;12,"Activeï¿½(energetic, adventurous, vibrant, enthusiastic, playful);Alertï¿½(attentive, curious);Unknown",1;4;11,"Activeï¿½(energetic, adventurous, vibrant, enthusiastic, playful);Alertï¿½(attentive, curious);Consciousï¿½(aware, thoughtful, prepared)",0.8913;0.6290;0.7609
010/171424.png,9;11,"Cheerfulï¿½(delighted, happy, joyful, carefree, optimistic);Consciousï¿½(aware, thoughtful, prepared)",4;6;11,"Alertï¿½(attentive, curious);Amusedï¿½(humored, laughing);Consciousï¿½(aware, thoughtful, prepared)",0.9992;0.5392;0.6531
010/171534.png,4;11;12,"Alertï¿½(attentive, curious);Consciousï¿½(aware, thoughtful, prepared);Unknown",1;11,"Activeï¿½(energetic, adventurous, vibrant, enthusiastic, playful);Consciousï¿½(aware, thoughtful, prepared)",0.9964;0.8964
010/171626.png,1,"Activeï¿½(energetic, adventurous, vibrant, enthusiastic, playful)",1,"Activeï¿½(energetic, adventurous, vibrant, enthusiastic, playful)",0.9969
010/171663.png,4;6;9;12,"Alertï¿½(attentive, curious);Amusedï¿½(humored, laughing);Cheerfulï¿½(delighted, happy, joyful, carefree, optimistic);Unknown",1;11,"Activeï¿½(energetic, adventurous, vibrant, enthusiastic, playful);Consciousï¿½(aware, thoughtful, prepared)",1.0000;0.9974
010/171665.png,1,"Activeï¿½(energetic, adventurous, vibrant, enthusiastic, playful)",6,"Amusedï¿½(humored, laughing)",0.5661
010/171676.png,6;9;11;12,"Amusedï¿½(humored, laughing);Cheerfulï¿½(delighted, happy, joyful, carefree, optimistic);Consciousï¿½(aware, thoughtful, prepared);Unknown",1;6;9,"Activeï¿½(energetic, adventurous, vibrant, enthusiastic, playful);Amusedï¿½(humored, laughing);Cheerfulï¿½(delighted, happy, joyful, carefree, optimistic)",0.9962;0.9999;0.9920
010/171753.png,4;11;12,"Alertï¿½(attentive, curious);Consciousï¿½(aware, thoughtful, prepared);Unknown",6,"Amusedï¿½(humored, laughing)",0.9917
010/171755.png,9;11;12,"Cheerfulï¿½(delighted, happy, joyful, carefree, optimistic);Consciousï¿½(aware, thoughtful, prepared);Unknown",,,
010/171860.png,1;12,"Activeï¿½(energetic, adventurous, vibrant, enthusiastic, playful);Unknown",1;6,"Activeï¿½(energetic, adventurous, vibrant, enthusiastic, playful);Amusedï¿½(humored, laughing)",0.9986;0.9431
010/171884.png,1;6;9,"Activeï¿½(energetic, adventurous, vibrant, enthusiastic, playful);Amusedï¿½(humored, laughing);Cheerfulï¿½(delighted, happy, joyful, carefree, optimistic)",6,"Amusedï¿½(humored, laughing)",1.0000
010/171990.png,2;3;4;11;12,"Afraidï¿½(horrified, scared, fearful);Alarmedï¿½(concerned, worried, anxious, overwhelmed);Alertï¿½(attentive, curious);Consciousï¿½(aware, thoughtful, prepared);Unknown",,,
010/172160.png,4;11;12,"Alertï¿½(attentive, curious);Consciousï¿½(aware, thoughtful, prepared);Unknown",1,"Activeï¿½(energetic, adventurous, vibrant, enthusiastic, playful)",0.9357
010/172257.png,4;9;12,"Alertï¿½(attentive, curious);Cheerfulï¿½(delighted, happy, joyful, carefree, optimistic);Unknown",,,
010/172412.png,1,"Activeï¿½(energetic, adventurous, vibrant, enthusiastic, playful)",1;9,"Activeï¿½(energetic, adventurous, vibrant, enthusiastic, playful);Cheerfulï¿½(delighted, happy, joyful, carefree, optimistic)",0.9956;1.0000
010/172419.png,1;8,"Activeï¿½(energetic, adventurous, vibrant, enthusiastic, playful);Calmï¿½(soothed, peaceful, comforted, fullfilled, cozy)",,,
010/172420.png,1,"Activeï¿½(energetic, adventurous, vibrant, enthusiastic, playful)",1;9,"Activeï¿½(energetic, adventurous, vibrant, enthusiastic, playful);Cheerfulï¿½(delighted, happy, joyful, carefree, optimistic)",0.9288;0.9986
010/172633.png,1;9;12,"Activeï¿½(energetic, adventurous, vibrant, enthusiastic, playful);Cheerfulï¿½(delighted, happy, joyful, carefree, optimistic);Unknown",4;6;11,"Alertï¿½(attentive, curious);Amusedï¿½(humored, laughing);Consciousï¿½(aware, thoughtful, prepared)",0.9581;0.9979;0.9995
010/172794.png,4;5;6;12,"Alertï¿½(attentive, curious);Amazedï¿½(surprised, astonished, awed, fascinated, intrigued);Amusedï¿½(humored, laughing);Unknown",1;4;6,"Activeï¿½(energetic, adventurous, vibrant, enthusiastic, playful);Alertï¿½(attentive, curious);Amusedï¿½(humored, laughing)",0.7192;0.9914;0.9872
010/172969.png,4;5;11;12,"Alertï¿½(attentive, curious);Amazedï¿½(surprised, astonished, awed, fascinated, intrigued);Consciousï¿½(aware, thoughtful, prepared);Unknown",1;6;9,"Activeï¿½(energetic, adventurous, vibrant, enthusiastic, playful);Amusedï¿½(humored, laughing);Cheerfulï¿½(delighted, happy, joyful, carefree, optimistic)",1.0000;0.7425;0.7708
010/172981.png,1;11;12,"Activeï¿½(energetic, adventurous, vibrant, enthusiastic, playful);Consciousï¿½(aware, thoughtful, prepared);Unknown",1,"Activeï¿½(energetic, adventurous, vibrant, enthusiastic, playful)",0.9373
010/172993.png,1;12,"Activeï¿½(energetic, adventurous, vibrant, enthusiastic, playful);Unknown",5;6,"Amazedï¿½(surprised, astonished, awed, fascinated, intrigued);Amusedï¿½(humored, laughing)",0.9026;0.8026
010/173152.png,11;12,"Consciousï¿½(aware, thoughtful, prepared);Unknown",1;4,"Activeï¿½(energetic, adventurous, vibrant, enthusiastic, playful);Alertï¿½(attentive, curious)",1.0000;1.0000
010/173160.png,1;12,"Activeï¿½(energetic, adventurous, vibrant, enthusiastic, playful);Unknown",1;4,"Activeï¿½(energetic, adventurous, vibrant, enthusiastic, playful);Alertï¿½(attentive, curious)",1.0000;0.6532
010/173797.png,1;3;4;11;13,"Activeï¿½(energetic, adventurous, vibrant, enthusiastic, playful);Alarmedï¿½(concerned, worried, anxious, overwhelmed);Alertï¿½(attentive, curious);Consciousï¿½(aware, thoughtful, prepared);Disturbedï¿½(disgusted, shocked)",3;4;13,"Alarmedï¿½(concerned, worried, anxious, overwhelmed);Alertï¿½(attentive, curious);Disturbedï¿½(disgusted, shocked)",1.0000;0.5159;1.0000
010/173848.png,1,"Activeï¿½(energetic, adventurous, vibrant, enthusiastic, playful)",5;11,"Amazedï¿½(surprised, astonished, awed, fascinated, intrigued);Consciousï¿½(aware, thoughtful, prepared)",0.9893;0.9452
010/174070.png,1;4;9;12,"Activeï¿½(energetic, adventurous, vibrant, enthusiastic, playful);Alertï¿½(attentive, curious);Cheerfulï¿½(delighted, happy, joyful, carefree, optimistic);Unknown",1;6,"Activeï¿½(energetic, adventurous, vibrant, enthusiastic, playful);Amusedï¿½(humored, laughing)",0.9999;0.9971
010/174129.png,11,"Consciousï¿½(aware, thoughtful, prepared)",1,"Activeï¿½(energetic, adventurous, vibrant, enthusiastic, playful)",0.9999
010/174165.png,1;4,"Activeï¿½(energetic, adventurous, vibrant, enthusiastic, playful);Alertï¿½(attentive, curious)",1;4,"Activeï¿½(energetic, adventurous, vibrant, enthusiastic, playful);Alertï¿½(attentive, curious)",1.0000;0.9943
010/174171.png,1;4,"Activeï¿½(energetic, adventurous, vibrant, enthusiastic, playful);Alertï¿½(attentive, curious)",1,"Activeï¿½(energetic, adventurous, vibrant, enthusiastic, playful)",0.9932
010/174229.png,2;3;4;7;11,"Afraidï¿½(horrified, scared, fearful);Alarmedï¿½(concerned, worried, anxious, overwhelmed);Alertï¿½(attentive, curious);Angryï¿½(annoyed, irritated);Consciousï¿½(aware, thoughtful, prepared)",4;11,"Alertï¿½(attentive, curious);Consciousï¿½(aware, thoughtful, prepared)",0.9741;0.9677
010/174241.png,4;13,"Alertï¿½(attentive, curious);Disturbedï¿½(disgusted, shocked)",3;4;11,"Alarmedï¿½(concerned, worried, anxious, overwhelmed);Alertï¿½(attentive, curious);Consciousï¿½(aware, thoughtful, prepared)",0.6376;0.6723;0.6029
010/174273.png,1;4;11;12,"Activeï¿½(energetic, adventurous, vibrant, enthusiastic, playful);Alertï¿½(attentive, curious);Consciousï¿½(aware, thoughtful, prepared);Unknown",,,
010/174302.png,4;9;11;12,"Alertï¿½(attentive, curious);Cheerfulï¿½(delighted, happy, joyful, carefree, optimistic);Consciousï¿½(aware, thoughtful, prepared);Unknown",,,
010/174476.png,2;3;4,"Afraidï¿½(horrified, scared, fearful);Alarmedï¿½(concerned, worried, anxious, overwhelmed);Alertï¿½(attentive, curious)",3;4;6,"Alarmedï¿½(concerned, worried, anxious, overwhelmed);Alertï¿½(attentive, curious);Amusedï¿½(humored, laughing)",0.7990;1.0000;1.0000
010/174497.png,1;4;12,"Activeï¿½(energetic, adventurous, vibrant, enthusiastic, playful);Alertï¿½(attentive, curious);Unknown",3;4,"Alarmedï¿½(concerned, worried, anxious, overwhelmed);Alertï¿½(attentive, curious)",0.9777;0.9999
010/174531.png,5;8;12,"Amazedï¿½(surprised, astonished, awed, fascinated, intrigued);Calmï¿½(soothed, peaceful, comforted, fullfilled, cozy);Unknown",6;9,"Amusedï¿½(humored, laughing);Cheerfulï¿½(delighted, happy, joyful, carefree, optimistic)",0.9604;0.6603
010/174575.png,1;9,"Activeï¿½(energetic, adventurous, vibrant, enthusiastic, playful);Cheerfulï¿½(delighted, happy, joyful, carefree, optimistic)",1;6,"Activeï¿½(energetic, adventurous, vibrant, enthusiastic, playful);Amusedï¿½(humored, laughing)",0.9998;0.9985
010/174623.png,1;7;12,"Activeï¿½(energetic, adventurous, vibrant, enthusiastic, playful);Angryï¿½(annoyed, irritated);Unknown",1,"Activeï¿½(energetic, adventurous, vibrant, enthusiastic, playful)",1.0000
010/174640.png,1;7,"Activeï¿½(energetic, adventurous, vibrant, enthusiastic, playful);Angryï¿½(annoyed, irritated)",1,"Activeï¿½(energetic, adventurous, vibrant, enthusiastic, playful)",1.0000
010/174651.png,4;12,"Alertï¿½(attentive, curious);Unknown",1;4,"Activeï¿½(energetic, adventurous, vibrant, enthusiastic, playful);Alertï¿½(attentive, curious)",0.6132;0.8751
010/174653.png,4;12,"Alertï¿½(attentive, curious);Unknown",4;6;11,"Alertï¿½(attentive, curious);Amusedï¿½(humored, laughing);Consciousï¿½(aware, thoughtful, prepared)",1.0000;0.8803;0.9815
010/174728.png,1;4,"Activeï¿½(energetic, adventurous, vibrant, enthusiastic, playful);Alertï¿½(attentive, curious)",4,"Alertï¿½(attentive, curious)",0.9967
010/174814.png,1;3;4;6,"Activeï¿½(energetic, adventurous, vibrant, enthusiastic, playful);Alarmedï¿½(concerned, worried, anxious, overwhelmed);Alertï¿½(attentive, curious);Amusedï¿½(humored, laughing)",1;13,"Activeï¿½(energetic, adventurous, vibrant, enthusiastic, playful);Disturbedï¿½(disgusted, shocked)",0.9540;0.6215
010/174833.png,9,"Cheerfulï¿½(delighted, happy, joyful, carefree, optimistic)",,,
010/174866.png,1;12,"Activeï¿½(energetic, adventurous, vibrant, enthusiastic, playful);Unknown",,,
010/174883.png,1;4;12,"Activeï¿½(energetic, adventurous, vibrant, enthusiastic, playful);Alertï¿½(attentive, curious);Unknown",,,
010/174901.png,8;11;12,"Calmï¿½(soothed, peaceful, comforted, fullfilled, cozy);Consciousï¿½(aware, thoughtful, prepared);Unknown",1;4;8,"Activeï¿½(energetic, adventurous, vibrant, enthusiastic, playful);Alertï¿½(attentive, curious);Calmï¿½(soothed, peaceful, comforted, fullfilled, cozy)",0.9579;0.9485;0.9907
010/175090.png,1,"Activeï¿½(energetic, adventurous, vibrant, enthusiastic, playful)",4,"Alertï¿½(attentive, curious)",0.9955
010/175279.png,2;3;4;11;12;13,"Afraidï¿½(horrified, scared, fearful);Alarmedï¿½(concerned, worried, anxious, overwhelmed);Alertï¿½(attentive, curious);Consciousï¿½(aware, thoughtful, prepared);Unknown;Disturbedï¿½(disgusted, shocked)",,,
010/175293.png,3;4;12,"Alarmedï¿½(concerned, worried, anxious, overwhelmed);Alertï¿½(attentive, curious);Unknown",1;4;7,"Activeï¿½(energetic, adventurous, vibrant, enthusiastic, playful);Alertï¿½(attentive, curious);Angryï¿½(annoyed, irritated)",1.0000;1.0000;0.7217
010/175328.png,2;3;4;13,"Afraidï¿½(horrified, scared, fearful);Alarmedï¿½(concerned, worried, anxious, overwhelmed);Alertï¿½(attentive, curious);Disturbedï¿½(disgusted, shocked)",,,
010/175424.png,1;4,"Activeï¿½(energetic, adventurous, vibrant, enthusiastic, playful);Alertï¿½(attentive, curious)",1;6;9,"Activeï¿½(energetic, adventurous, vibrant, enthusiastic, playful);Amusedï¿½(humored, laughing);Cheerfulï¿½(delighted, happy, joyful, carefree, optimistic)",0.9318;0.9988;0.8226
010/175447.png,12,Unknown,1;8,"Activeï¿½(energetic, adventurous, vibrant, enthusiastic, playful);Calmï¿½(soothed, peaceful, comforted, fullfilled, cozy)",0.9199;0.9999
010/175482.png,1;4;5;6,"Activeï¿½(energetic, adventurous, vibrant, enthusiastic, playful);Alertï¿½(attentive, curious);Amazedï¿½(surprised, astonished, awed, fascinated, intrigued);Amusedï¿½(humored, laughing)",6;9,"Amusedï¿½(humored, laughing);Cheerfulï¿½(delighted, happy, joyful, carefree, optimistic)",0.8702;0.9535
010/175488.png,4;9,"Alertï¿½(attentive, curious);Cheerfulï¿½(delighted, happy, joyful, carefree, optimistic)",1;6;9;11,"Activeï¿½(energetic, adventurous, vibrant, enthusiastic, playful);Amusedï¿½(humored, laughing);Cheerfulï¿½(delighted, happy, joyful, carefree, optimistic);Consciousï¿½(aware, thoughtful, prepared)",0.9307;0.6998;0.8964;0.9781
010/175536.png,4;8;12,"Alertï¿½(attentive, curious);Calmï¿½(soothed, peaceful, comforted, fullfilled, cozy);Unknown",6,"Amusedï¿½(humored, laughing)",0.6338
010/175562.png,1;3;11;13,"Activeï¿½(energetic, adventurous, vibrant, enthusiastic, playful);Alarmedï¿½(concerned, worried, anxious, overwhelmed);Consciousï¿½(aware, thoughtful, prepared);Disturbedï¿½(disgusted, shocked)",1,"Activeï¿½(energetic, adventurous, vibrant, enthusiastic, playful)",0.7284
010/175659.png,4;12,"Alertï¿½(attentive, curious);Unknown",1;6,"Activeï¿½(energetic, adventurous, vibrant, enthusiastic, playful);Amusedï¿½(humored, laughing)",0.9975;0.9991
010/175759.png,2;4;12,"Afraidï¿½(horrified, scared, fearful);Alertï¿½(attentive, curious);Unknown",11,"Consciousï¿½(aware, thoughtful, prepared)",0.6511
010/175902.png,1;4;5;6;7,"Activeï¿½(energetic, adventurous, vibrant, enthusiastic, playful);Alertï¿½(attentive, curious);Amazedï¿½(surprised, astonished, awed, fascinated, intrigued);Amusedï¿½(humored, laughing);Angryï¿½(annoyed, irritated)",1;4,"Activeï¿½(energetic, adventurous, vibrant, enthusiastic, playful);Alertï¿½(attentive, curious)",1.0000;1.0000
010/175984.png,1;11;12,"Activeï¿½(energetic, adventurous, vibrant, enthusiastic, playful);Consciousï¿½(aware, thoughtful, prepared);Unknown",1;4;6;11,"Activeï¿½(energetic, adventurous, vibrant, enthusiastic, playful);Alertï¿½(attentive, curious);Amusedï¿½(humored, laughing);Consciousï¿½(aware, thoughtful, prepared)",0.9980;1.0000;0.7794;0.9901
010/176054.png,1;4;9;13,"Activeï¿½(energetic, adventurous, vibrant, enthusiastic, playful);Alertï¿½(attentive, curious);Cheerfulï¿½(delighted, happy, joyful, carefree, optimistic);Disturbedï¿½(disgusted, shocked)",1;9,"Activeï¿½(energetic, adventurous, vibrant, enthusiastic, playful);Cheerfulï¿½(delighted, happy, joyful, carefree, optimistic)",0.9955;0.9893
010/176238.png,1;4;11,"Activeï¿½(energetic, adventurous, vibrant, enthusiastic, playful);Alertï¿½(attentive, curious);Consciousï¿½(aware, thoughtful, prepared)",1,"Activeï¿½(energetic, adventurous, vibrant, enthusiastic, playful)",1.0000
010/176240.png,3;4;11;12,"Alarmedï¿½(concerned, worried, anxious, overwhelmed);Alertï¿½(attentive, curious);Consciousï¿½(aware, thoughtful, prepared);Unknown",4;11,"Alertï¿½(attentive, curious);Consciousï¿½(aware, thoughtful, prepared)",0.9999;0.7998
010/176492.png,1,"Activeï¿½(energetic, adventurous, vibrant, enthusiastic, playful)",1,"Activeï¿½(energetic, adventurous, vibrant, enthusiastic, playful)",0.9999
010/176552.png,1;4,"Activeï¿½(energetic, adventurous, vibrant, enthusiastic, playful);Alertï¿½(attentive, curious)",4;6,"Alertï¿½(attentive, curious);Amusedï¿½(humored, laughing)",0.9199;0.9556
010/176574.png,1;4,"Activeï¿½(energetic, adventurous, vibrant, enthusiastic, playful);Alertï¿½(attentive, curious)",1,"Activeï¿½(energetic, adventurous, vibrant, enthusiastic, playful)",1.0000
010/176580.png,1;4;6,"Activeï¿½(energetic, adventurous, vibrant, enthusiastic, playful);Alertï¿½(attentive, curious);Amusedï¿½(humored, laughing)",11,"Consciousï¿½(aware, thoughtful, prepared)",0.9993
010/176650.png,4;11;12,"Alertï¿½(attentive, curious);Consciousï¿½(aware, thoughtful, prepared);Unknown",1;11,"Activeï¿½(energetic, adventurous, vibrant, enthusiastic, playful);Consciousï¿½(aware, thoughtful, prepared)",0.9776;1.0000
010/176768.png,4;12,"Alertï¿½(attentive, curious);Unknown",1;3,"Activeï¿½(energetic, adventurous, vibrant, enthusiastic, playful);Alarmedï¿½(concerned, worried, anxious, overwhelmed)",1.0000;0.9556
010/176882.png,11;12,"Consciousï¿½(aware, thoughtful, prepared);Unknown",1;11,"Activeï¿½(energetic, adventurous, vibrant, enthusiastic, playful);Consciousï¿½(aware, thoughtful, prepared)",0.9984;0.8787
010/176896.png,1,"Activeï¿½(energetic, adventurous, vibrant, enthusiastic, playful)",1,"Activeï¿½(energetic, adventurous, vibrant, enthusiastic, playful)",1.0000
010/177002.png,2;3;4;12,"Afraidï¿½(horrified, scared, fearful);Alarmedï¿½(concerned, worried, anxious, overwhelmed);Alertï¿½(attentive, curious);Unknown",3;4,"Alarmedï¿½(concerned, worried, anxious, overwhelmed);Alertï¿½(attentive, curious)",0.9913;0.9632
010/177095.png,4;13,"Alertï¿½(attentive, curious);Disturbedï¿½(disgusted, shocked)",5;6;11,"Amazedï¿½(surprised, astonished, awed, fascinated, intrigued);Amusedï¿½(humored, laughing);Consciousï¿½(aware, thoughtful, prepared)",0.9313;0.7841;0.9081
010/177132.png,1;11,"Activeï¿½(energetic, adventurous, vibrant, enthusiastic, playful);Consciousï¿½(aware, thoughtful, prepared)",4;6,"Alertï¿½(attentive, curious);Amusedï¿½(humored, laughing)",1.0000;0.7785
010/177342.png,4;12,"Alertï¿½(attentive, curious);Unknown",4,"Alertï¿½(attentive, curious)",0.9340
010/177368.png,4;12,"Alertï¿½(attentive, curious);Unknown",1,"Activeï¿½(energetic, adventurous, vibrant, enthusiastic, playful)",0.9857
010/177372.png,1;9,"Activeï¿½(energetic, adventurous, vibrant, enthusiastic, playful);Cheerfulï¿½(delighted, happy, joyful, carefree, optimistic)",1;11,"Activeï¿½(energetic, adventurous, vibrant, enthusiastic, playful);Consciousï¿½(aware, thoughtful, prepared)",0.9090;0.7782
010/177424.png,1;12,"Activeï¿½(energetic, adventurous, vibrant, enthusiastic, playful);Unknown",,,
010/177481.png,4;12,"Alertï¿½(attentive, curious);Unknown",4,"Alertï¿½(attentive, curious)",0.9999
010/177578.png,1;4;12,"Activeï¿½(energetic, adventurous, vibrant, enthusiastic, playful);Alertï¿½(attentive, curious);Unknown",1;6,"Activeï¿½(energetic, adventurous, vibrant, enthusiastic, playful);Amusedï¿½(humored, laughing)",0.7421;0.9990
010/177672.png,4;6;12,"Alertï¿½(attentive, curious);Amusedï¿½(humored, laughing);Unknown",1;6;11,"Activeï¿½(energetic, adventurous, vibrant, enthusiastic, playful);Amusedï¿½(humored, laughing);Consciousï¿½(aware, thoughtful, prepared)",0.5122;0.7432;0.9989
010/177815.png,4;12,"Alertï¿½(attentive, curious);Unknown",1,"Activeï¿½(energetic, adventurous, vibrant, enthusiastic, playful)",1.0000
010/177931.png,4;11,"Alertï¿½(attentive, curious);Consciousï¿½(aware, thoughtful, prepared)",4;6,"Alertï¿½(attentive, curious);Amusedï¿½(humored, laughing)",0.9859;0.9024
010/177946.png,4;6;9;11,"Alertï¿½(attentive, curious);Amusedï¿½(humored, laughing);Cheerfulï¿½(delighted, happy, joyful, carefree, optimistic);Consciousï¿½(aware, thoughtful, prepared)",11,"Consciousï¿½(aware, thoughtful, prepared)",0.9949
010/177955.png,4;11;12,"Alertï¿½(attentive, curious);Consciousï¿½(aware, thoughtful, prepared);Unknown",1;2,"Activeï¿½(energetic, adventurous, vibrant, enthusiastic, playful);Afraidï¿½(horrified, scared, fearful)",0.9977;0.5276
02/103672.jpg,8;11;12,"Calmï¿½(soothed, peaceful, comforted, fullfilled, cozy);Consciousï¿½(aware, thoughtful, prepared);Unknown",,,
02/10602.jpg,4;9;12,"Alertï¿½(attentive, curious);Cheerfulï¿½(delighted, happy, joyful, carefree, optimistic);Unknown",,,
02/106972.jpg,1,"Activeï¿½(energetic, adventurous, vibrant, enthusiastic, playful)",1;8,"Activeï¿½(energetic, adventurous, vibrant, enthusiastic, playful);Calmï¿½(soothed, peaceful, comforted, fullfilled, cozy)",1.0000;0.8671
02/116962.jpg,1;6,"Activeï¿½(energetic, adventurous, vibrant, enthusiastic, playful);Amusedï¿½(humored, laughing)",,,
02/125102.jpg,1;4,"Activeï¿½(energetic, adventurous, vibrant, enthusiastic, playful);Alertï¿½(attentive, curious)",11,"Consciousï¿½(aware, thoughtful, prepared)",0.9598
02/129672.jpg,1;3;12,"Activeï¿½(energetic, adventurous, vibrant, enthusiastic, playful);Alarmedï¿½(concerned, worried, anxious, overwhelmed);Unknown",5;6,"Amazedï¿½(surprised, astonished, awed, fascinated, intrigued);Amusedï¿½(humored, laughing)",0.5342;0.9656
02/13222.jpg,1;13,"Activeï¿½(energetic, adventurous, vibrant, enthusiastic, playful);Disturbedï¿½(disgusted, shocked)",1;5,"Activeï¿½(energetic, adventurous, vibrant, enthusiastic, playful);Amazedï¿½(surprised, astonished, awed, fascinated, intrigued)",0.9257;0.6031
02/132302.jpg,1;2;3;4,"Activeï¿½(energetic, adventurous, vibrant, enthusiastic, playful);Afraidï¿½(horrified, scared, fearful);Alarmedï¿½(concerned, worried, anxious, overwhelmed);Alertï¿½(attentive, curious)",1,"Activeï¿½(energetic, adventurous, vibrant, enthusiastic, playful)",0.9991
02/133372.jpg,1;11;12,"Activeï¿½(energetic, adventurous, vibrant, enthusiastic, playful);Consciousï¿½(aware, thoughtful, prepared);Unknown",1;4;6,"Activeï¿½(energetic, adventurous, vibrant, enthusiastic, playful);Alertï¿½(attentive, curious);Amusedï¿½(humored, laughing)",0.9951;0.7319;0.8293
02/133452.jpg,1;11;12,"Activeï¿½(energetic, adventurous, vibrant, enthusiastic, playful);Consciousï¿½(aware, thoughtful, prepared);Unknown",1,"Activeï¿½(energetic, adventurous, vibrant, enthusiastic, playful)",0.9848
02/133752.jpg,1;4,"Activeï¿½(energetic, adventurous, vibrant, enthusiastic, playful);Alertï¿½(attentive, curious)",1;4,"Activeï¿½(energetic, adventurous, vibrant, enthusiastic, playful);Alertï¿½(attentive, curious)",1.0000;0.9999
02/137012.jpg,1;11;12,"Activeï¿½(energetic, adventurous, vibrant, enthusiastic, playful);Consciousï¿½(aware, thoughtful, prepared);Unknown",4;11,"Alertï¿½(attentive, curious);Consciousï¿½(aware, thoughtful, prepared)",0.5543;0.9602
02/137642.jpg,1;4;12,"Activeï¿½(energetic, adventurous, vibrant, enthusiastic, playful);Alertï¿½(attentive, curious);Unknown",1;11,"Activeï¿½(energetic, adventurous, vibrant, enthusiastic, playful);Consciousï¿½(aware, thoughtful, prepared)",0.5848;0.9999
02/137962.jpg,1;4,"Activeï¿½(energetic, adventurous, vibrant, enthusiastic, playful);Alertï¿½(attentive, curious)",,,
02/138142.jpg,1;11;12,"Activeï¿½(energetic, adventurous, vibrant, enthusiastic, playful);Consciousï¿½(aware, thoughtful, prepared);Unknown",1;4,"Activeï¿½(energetic, adventurous, vibrant, enthusiastic, playful);Alertï¿½(attentive, curious)",1.0000;0.8433
02/139942.jpg,1;11,"Activeï¿½(energetic, adventurous, vibrant, enthusiastic, playful);Consciousï¿½(aware, thoughtful, prepared)",1;4,"Activeï¿½(energetic, adventurous, vibrant, enthusiastic, playful);Alertï¿½(attentive, curious)",0.9265;0.6889
02/144632.jpg,2;3;12,"Afraidï¿½(horrified, scared, fearful);Alarmedï¿½(concerned, worried, anxious, overwhelmed);Unknown",1;6;9,"Activeï¿½(energetic, adventurous, vibrant, enthusiastic, playful);Amusedï¿½(humored, laughing);Cheerfulï¿½(delighted, happy, joyful, carefree, optimistic)",0.9914;0.9968;0.9019
02/156872.jpg,11;12,"Consciousï¿½(aware, thoughtful, prepared);Unknown",,,
02/159232.jpg,4;12,"Alertï¿½(attentive, curious);Unknown",4;11,"Alertï¿½(attentive, curious);Consciousï¿½(aware, thoughtful, prepared)",0.9965;0.9628
02/160142.jpg,1;3;6,"Activeï¿½(energetic, adventurous, vibrant, enthusiastic, playful);Alarmedï¿½(concerned, worried, anxious, overwhelmed);Amusedï¿½(humored, laughing)",,,
02/18132.jpg,4;11;12,"Alertï¿½(attentive, curious);Consciousï¿½(aware, thoughtful, prepared);Unknown",4,"Alertï¿½(attentive, curious)",0.9912
02/19972.jpg,1;5;6;12,"Activeï¿½(energetic, adventurous, vibrant, enthusiastic, playful);Amazedï¿½(surprised, astonished, awed, fascinated, intrigued);Amusedï¿½(humored, laughing);Unknown",6;11,"Amusedï¿½(humored, laughing);Consciousï¿½(aware, thoughtful, prepared)",0.8519;0.9454
02/202.jpg,1,"Activeï¿½(energetic, adventurous, vibrant, enthusiastic, playful)",4;11,"Alertï¿½(attentive, curious);Consciousï¿½(aware, thoughtful, prepared)",0.6672;0.8601
02/21412.jpg,1;6;9;11,"Activeï¿½(energetic, adventurous, vibrant, enthusiastic, playful);Amusedï¿½(humored, laughing);Cheerfulï¿½(delighted, happy, joyful, carefree, optimistic);Consciousï¿½(aware, thoughtful, prepared)",1;9,"Activeï¿½(energetic, adventurous, vibrant, enthusiastic, playful);Cheerfulï¿½(delighted, happy, joyful, carefree, optimistic)",0.6761;0.9918
02/23102.jpg,1;4;5;12,"Activeï¿½(energetic, adventurous, vibrant, enthusiastic, playful);Alertï¿½(attentive, curious);Amazedï¿½(surprised, astonished, awed, fascinated, intrigued);Unknown",1,"Activeï¿½(energetic, adventurous, vibrant, enthusiastic, playful)",1.0000
02/23982.jpg,1,"Activeï¿½(energetic, adventurous, vibrant, enthusiastic, playful)",,,
02/24622.jpg,1,"Activeï¿½(energetic, adventurous, vibrant, enthusiastic, playful)",6,"Amusedï¿½(humored, laughing)",0.8732
02/252.jpg,1;11;12,"Activeï¿½(energetic, adventurous, vibrant, enthusiastic, playful);Consciousï¿½(aware, thoughtful, prepared);Unknown",4,"Alertï¿½(attentive, curious)",0.9999
02/34012.jpg,12,Unknown,1,"Activeï¿½(energetic, adventurous, vibrant, enthusiastic, playful)",0.9448
02/34162.jpg,1;4;8;12,"Activeï¿½(energetic, adventurous, vibrant, enthusiastic, playful);Alertï¿½(attentive, curious);Calmï¿½(soothed, peaceful, comforted, fullfilled, cozy);Unknown",1,"Activeï¿½(energetic, adventurous, vibrant, enthusiastic, playful)",0.8829
02/34832.jpg,1;8;12,"Activeï¿½(energetic, adventurous, vibrant, enthusiastic, playful);Calmï¿½(soothed, peaceful, comforted, fullfilled, cozy);Unknown",11,"Consciousï¿½(aware, thoughtful, prepared)",0.9977
02/38412.jpg,1;5;8;12,"Activeï¿½(energetic, adventurous, vibrant, enthusiastic, playful);Amazedï¿½(surprised, astonished, awed, fascinated, intrigued);Calmï¿½(soothed, peaceful, comforted, fullfilled, cozy);Unknown",,,
02/39082.jpg,1,"Activeï¿½(energetic, adventurous, vibrant, enthusiastic, playful)",,,
02/39802.jpg,12,Unknown,,,
02/40382.jpg,1;5;8;11;12,"Activeï¿½(energetic, adventurous, vibrant, enthusiastic, playful);Amazedï¿½(surprised, astonished, awed, fascinated, intrigued);Calmï¿½(soothed, peaceful, comforted, fullfilled, cozy);Consciousï¿½(aware, thoughtful, prepared);Unknown",1;11,"Activeï¿½(energetic, adventurous, vibrant, enthusiastic, playful);Consciousï¿½(aware, thoughtful, prepared)",0.9831;0.9821
02/40472.jpg,1;4;12,"Activeï¿½(energetic, adventurous, vibrant, enthusiastic, playful);Alertï¿½(attentive, curious);Unknown",1,"Activeï¿½(energetic, adventurous, vibrant, enthusiastic, playful)",0.9999
02/43422.jpg,1;4;6;13,"Activeï¿½(energetic, adventurous, vibrant, enthusiastic, playful);Alertï¿½(attentive, curious);Amusedï¿½(humored, laughing);Disturbedï¿½(disgusted, shocked)",3;4;6,"Alarmedï¿½(concerned, worried, anxious, overwhelmed);Alertï¿½(attentive, curious);Amusedï¿½(humored, laughing)",1.0000;1.0000;0.9340
02/45492.jpg,4;12,"Alertï¿½(attentive, curious);Unknown",1,"Activeï¿½(energetic, adventurous, vibrant, enthusiastic, playful)",0.9979
02/46292.jpg,9,"Cheerfulï¿½(delighted, happy, joyful, carefree, optimistic)",,,
02/47102.jpg,1,"Activeï¿½(energetic, adventurous, vibrant, enthusiastic, playful)",4,"Alertï¿½(attentive, curious)",0.9973
02/47152.jpg,4;11,"Alertï¿½(attentive, curious);Consciousï¿½(aware, thoughtful, prepared)",,,
02/48402.jpg,1;4;12,"Activeï¿½(energetic, adventurous, vibrant, enthusiastic, playful);Alertï¿½(attentive, curious);Unknown",6,"Amusedï¿½(humored, laughing)",0.9661
02/52432.jpg,11;12;13,"Consciousï¿½(aware, thoughtful, prepared);Unknown;Disturbedï¿½(disgusted, shocked)",1;6;11,"Activeï¿½(energetic, adventurous, vibrant, enthusiastic, playful);Amusedï¿½(humored, laughing);Consciousï¿½(aware, thoughtful, prepared)",0.9995;1.0000;0.5699
02/52452.jpg,11;12,"Consciousï¿½(aware, thoughtful, prepared);Unknown",1,"Activeï¿½(energetic, adventurous, vibrant, enthusiastic, playful)",0.9994
02/52532.jpg,1;11;12,"Activeï¿½(energetic, adventurous, vibrant, enthusiastic, playful);Consciousï¿½(aware, thoughtful, prepared);Unknown",4;11,"Alertï¿½(attentive, curious);Consciousï¿½(aware, thoughtful, prepared)",0.8516;0.9953
02/56712.jpg,4;11;12,"Alertï¿½(attentive, curious);Consciousï¿½(aware, thoughtful, prepared);Unknown",1;6;11,"Activeï¿½(energetic, adventurous, vibrant, enthusiastic, playful);Amusedï¿½(humored, laughing);Consciousï¿½(aware, thoughtful, prepared)",0.9999;0.8830;0.9995
02/57572.jpg,1;4;5;8;12,"Activeï¿½(energetic, adventurous, vibrant, enthusiastic, playful);Alertï¿½(attentive, curious);Amazedï¿½(surprised, astonished, awed, fascinated, intrigued);Calmï¿½(soothed, peaceful, comforted, fullfilled, cozy);Unknown",1;11,"Activeï¿½(energetic, adventurous, vibrant, enthusiastic, playful);Consciousï¿½(aware, thoughtful, prepared)",1.0000;1.0000
02/5882.jpg,1;4;11,"Activeï¿½(energetic, adventurous, vibrant, enthusiastic, playful);Alertï¿½(attentive, curious);Consciousï¿½(aware, thoughtful, prepared)",,,
02/59342.jpg,1;12,"Activeï¿½(energetic, adventurous, vibrant, enthusiastic, playful);Unknown",1;6,"Activeï¿½(energetic, adventurous, vibrant, enthusiastic, playful);Amusedï¿½(humored, laughing)",0.9921;0.7158
02/60312.jpg,1;6;11,"Activeï¿½(energetic, adventurous, vibrant, enthusiastic, playful);Amusedï¿½(humored, laughing);Consciousï¿½(aware, thoughtful, prepared)",4;6;8;11,"Alertï¿½(attentive, curious);Amusedï¿½(humored, laughing);Calmï¿½(soothed, peaceful, comforted, fullfilled, cozy);Consciousï¿½(aware, thoughtful, prepared)",0.9861;0.9997;0.9544;0.9596
02/6272.jpg,4;8;12,"Alertï¿½(attentive, curious);Calmï¿½(soothed, peaceful, comforted, fullfilled, cozy);Unknown",11,"Consciousï¿½(aware, thoughtful, prepared)",0.9408
02/62832.jpg,1;4;12,"Activeï¿½(energetic, adventurous, vibrant, enthusiastic, playful);Alertï¿½(attentive, curious);Unknown",1;4;6,"Activeï¿½(energetic, adventurous, vibrant, enthusiastic, playful);Alertï¿½(attentive, curious);Amusedï¿½(humored, laughing)",0.9998;0.7335;0.9817
02/65192.jpg,6,"Amusedï¿½(humored, laughing)",4,"Alertï¿½(attentive, curious)",1.0000
02/65902.jpg,1,"Activeï¿½(energetic, adventurous, vibrant, enthusiastic, playful)",9,"Cheerfulï¿½(delighted, happy, joyful, carefree, optimistic)",0.9695
02/66142.jpg,1,"Activeï¿½(energetic, adventurous, vibrant, enthusiastic, playful)",1,"Activeï¿½(energetic, adventurous, vibrant, enthusiastic, playful)",0.9960
02/68722.jpg,1,"Activeï¿½(energetic, adventurous, vibrant, enthusiastic, playful)",1,"Activeï¿½(energetic, adventurous, vibrant, enthusiastic, playful)",0.9876
02/68812.jpg,2;4;11;13,"Afraidï¿½(horrified, scared, fearful);Alertï¿½(attentive, curious);Consciousï¿½(aware, thoughtful, prepared);Disturbedï¿½(disgusted, shocked)",4;11,"Alertï¿½(attentive, curious);Consciousï¿½(aware, thoughtful, prepared)",0.8828;0.6573
02/69472.jpg,8;12,"Calmï¿½(soothed, peaceful, comforted, fullfilled, cozy);Unknown",1;4,"Activeï¿½(energetic, adventurous, vibrant, enthusiastic, playful);Alertï¿½(attentive, curious)",0.9999;0.7987
02/69552.jpg,1;11;12,"Activeï¿½(energetic, adventurous, vibrant, enthusiastic, playful);Consciousï¿½(aware, thoughtful, prepared);Unknown",1,"Activeï¿½(energetic, adventurous, vibrant, enthusiastic, playful)",0.9975
02/69652.jpg,1;8;12,"Activeï¿½(energetic, adventurous, vibrant, enthusiastic, playful);Calmï¿½(soothed, peaceful, comforted, fullfilled, cozy);Unknown",1;6,"Activeï¿½(energetic, adventurous, vibrant, enthusiastic, playful);Amusedï¿½(humored, laughing)",0.9877;0.5239
02/7712.jpg,1;4;9,"Activeï¿½(energetic, adventurous, vibrant, enthusiastic, playful);Alertï¿½(attentive, curious);Cheerfulï¿½(delighted, happy, joyful, carefree, optimistic)",1,"Activeï¿½(energetic, adventurous, vibrant, enthusiastic, playful)",0.5369
02/81282.jpg,1;4;12,"Activeï¿½(energetic, adventurous, vibrant, enthusiastic, playful);Alertï¿½(attentive, curious);Unknown",1;4,"Activeï¿½(energetic, adventurous, vibrant, enthusiastic, playful);Alertï¿½(attentive, curious)",1.0000;0.9975
02/85412.jpg,4;12,"Alertï¿½(attentive, curious);Unknown",1;4,"Activeï¿½(energetic, adventurous, vibrant, enthusiastic, playful);Alertï¿½(attentive, curious)",0.9658;0.9628
02/85442.jpg,1;4;11,"Activeï¿½(energetic, adventurous, vibrant, enthusiastic, playful);Alertï¿½(attentive, curious);Consciousï¿½(aware, thoughtful, prepared)",1;11,"Activeï¿½(energetic, adventurous, vibrant, enthusiastic, playful);Consciousï¿½(aware, thoughtful, prepared)",0.9654;0.5809
02/85862.jpg,1;10,"Activeï¿½(energetic, adventurous, vibrant, enthusiastic, playful);Unknown",1;4;11,"Activeï¿½(energetic, adventurous, vibrant, enthusiastic, playful);Alertï¿½(attentive, curious);Consciousï¿½(aware, thoughtful, prepared)",0.9999;1.0000;0.9790
02/85942.jpg,2;3;6;12;13,"Afraidï¿½(horrified, scared, fearful);Alarmedï¿½(concerned, worried, anxious, overwhelmed);Amusedï¿½(humored, laughing);Unknown;Disturbedï¿½(disgusted, shocked)",4,"Alertï¿½(attentive, curious)",0.7036
02/86442.jpg,8;12,"Calmï¿½(soothed, peaceful, comforted, fullfilled, cozy);Unknown",1;4;6,"Activeï¿½(energetic, adventurous, vibrant, enthusiastic, playful);Alertï¿½(attentive, curious);Amusedï¿½(humored, laughing)",0.8555;0.5512;0.7841
02/92462.jpg,1;4;12,"Activeï¿½(energetic, adventurous, vibrant, enthusiastic, playful);Alertï¿½(attentive, curious);Unknown",1,"Activeï¿½(energetic, adventurous, vibrant, enthusiastic, playful)",0.9627
02/93322.jpg,1;4;8,"Activeï¿½(energetic, adventurous, vibrant, enthusiastic, playful);Alertï¿½(attentive, curious);Calmï¿½(soothed, peaceful, comforted, fullfilled, cozy)",11,"Consciousï¿½(aware, thoughtful, prepared)",0.8274
02/95572.jpg,4;8;9;12,"Alertï¿½(attentive, curious);Calmï¿½(soothed, peaceful, comforted, fullfilled, cozy);Cheerfulï¿½(delighted, happy, joyful, carefree, optimistic);Unknown",1;11,"Activeï¿½(energetic, adventurous, vibrant, enthusiastic, playful);Consciousï¿½(aware, thoughtful, prepared)",1.0000;0.9104
02/99622.jpg,1;4,"Activeï¿½(energetic, adventurous, vibrant, enthusiastic, playful);Alertï¿½(attentive, curious)",1,"Activeï¿½(energetic, adventurous, vibrant, enthusiastic, playful)",0.9821
03/102223.jpg,11,"Consciousï¿½(aware, thoughtful, prepared)",1;9,"Activeï¿½(energetic, adventurous, vibrant, enthusiastic, playful);Cheerfulï¿½(delighted, happy, joyful, carefree, optimistic)",1.0000;0.9762
03/102353.jpg,11,"Consciousï¿½(aware, thoughtful, prepared)",1;11,"Activeï¿½(energetic, adventurous, vibrant, enthusiastic, playful);Consciousï¿½(aware, thoughtful, prepared)",0.9999;0.9877
03/10373.jpg,6,"Amusedï¿½(humored, laughing)",9,"Cheerfulï¿½(delighted, happy, joyful, carefree, optimistic)",0.9951
03/107003.jpg,1,"Activeï¿½(energetic, adventurous, vibrant, enthusiastic, playful)",4,"Alertï¿½(attentive, curious)",0.6814
03/107423.jpg,1;4,"Activeï¿½(energetic, adventurous, vibrant, enthusiastic, playful);Alertï¿½(attentive, curious)",4;11,"Alertï¿½(attentive, curious);Consciousï¿½(aware, thoughtful, prepared)",0.9797;0.5034
03/107753.jpg,1;4;5;6,"Activeï¿½(energetic, adventurous, vibrant, enthusiastic, playful);Alertï¿½(attentive, curious);Amazedï¿½(surprised, astonished, awed, fascinated, intrigued);Amusedï¿½(humored, laughing)",1;4,"Activeï¿½(energetic, adventurous, vibrant, enthusiastic, playful);Alertï¿½(attentive, curious)",1.0000;1.0000
03/109973.jpg,1;4;5;10,"Activeï¿½(energetic, adventurous, vibrant, enthusiastic, playful);Alertï¿½(attentive, curious);Amazedï¿½(surprised, astonished, awed, fascinated, intrigued);Unknown",1,"Activeï¿½(energetic, adventurous, vibrant, enthusiastic, playful)",0.9944
03/110063.jpg,1;4;5;9,"Activeï¿½(energetic, adventurous, vibrant, enthusiastic, playful);Alertï¿½(attentive, curious);Amazedï¿½(surprised, astonished, awed, fascinated, intrigued);Cheerfulï¿½(delighted, happy, joyful, carefree, optimistic)",8,"Calmï¿½(soothed, peaceful, comforted, fullfilled, cozy)",0.9492
03/11703.jpg,,,1;4,"Activeï¿½(energetic, adventurous, vibrant, enthusiastic, playful);Alertï¿½(attentive, curious)",0.9992;0.9991
03/122973.jpg,3;4;11,"Alarmedï¿½(concerned, worried, anxious, overwhelmed);Alertï¿½(attentive, curious);Consciousï¿½(aware, thoughtful, prepared)",1,"Activeï¿½(energetic, adventurous, vibrant, enthusiastic, playful)",0.9221
03/123273.jpg,6;9,"Amusedï¿½(humored, laughing);Cheerfulï¿½(delighted, happy, joyful, carefree, optimistic)",1;9,"Activeï¿½(energetic, adventurous, vibrant, enthusiastic, playful);Cheerfulï¿½(delighted, happy, joyful, carefree, optimistic)",0.8656;0.8410
03/126953.jpg,1;4;10,"Activeï¿½(energetic, adventurous, vibrant, enthusiastic, playful);Alertï¿½(attentive, curious);Unknown",1;4,"Activeï¿½(energetic, adventurous, vibrant, enthusiastic, playful);Alertï¿½(attentive, curious)",0.9986;0.8797
03/128183.jpg,1;7;8,"Activeï¿½(energetic, adventurous, vibrant, enthusiastic, playful);Angryï¿½(annoyed, irritated);Calmï¿½(soothed, peaceful, comforted, fullfilled, cozy)",1;6,"Activeï¿½(energetic, adventurous, vibrant, enthusiastic, playful);Amusedï¿½(humored, laughing)",0.9991;0.9308
03/133033.jpg,5;6;7,"Amazedï¿½(surprised, astonished, awed, fascinated, intrigued);Amusedï¿½(humored, laughing);Angryï¿½(annoyed, irritated)",1,"Activeï¿½(energetic, adventurous, vibrant, enthusiastic, playful)",1.0000
03/138673.jpg,1;4;8;11,"Activeï¿½(energetic, adventurous, vibrant, enthusiastic, playful);Alertï¿½(attentive, curious);Calmï¿½(soothed, peaceful, comforted, fullfilled, cozy);Consciousï¿½(aware, thoughtful, prepared)",4;6;11,"Alertï¿½(attentive, curious);Amusedï¿½(humored, laughing);Consciousï¿½(aware, thoughtful, prepared)",1.0000;0.7057;0.7455
03/146013.jpg,1;4;11,"Activeï¿½(energetic, adventurous, vibrant, enthusiastic, playful);Alertï¿½(attentive, curious);Consciousï¿½(aware, thoughtful, prepared)",1,"Activeï¿½(energetic, adventurous, vibrant, enthusiastic, playful)",1.0000
03/159443.jpg,1;10,"Activeï¿½(energetic, adventurous, vibrant, enthusiastic, playful);Unknown",1;6,"Activeï¿½(energetic, adventurous, vibrant, enthusiastic, playful);Amusedï¿½(humored, laughing)",0.8050;0.8375
03/165483.jpg,,,1,"Activeï¿½(energetic, adventurous, vibrant, enthusiastic, playful)",0.9814
03/166463.jpg,1;6,"Activeï¿½(energetic, adventurous, vibrant, enthusiastic, playful);Amusedï¿½(humored, laughing)",,,
03/21173.jpg,,,6,"Amusedï¿½(humored, laughing)",0.9786
03/21213.jpg,1,"Activeï¿½(energetic, adventurous, vibrant, enthusiastic, playful)",1,"Activeï¿½(energetic, adventurous, vibrant, enthusiastic, playful)",1.0000
03/24923.jpg,4;13,"Alertï¿½(attentive, curious);Disturbedï¿½(disgusted, shocked)",1;4,"Activeï¿½(energetic, adventurous, vibrant, enthusiastic, playful);Alertï¿½(attentive, curious)",0.9708;0.9411
03/3653.jpg,13,"Disturbedï¿½(disgusted, shocked)",1,"Activeï¿½(energetic, adventurous, vibrant, enthusiastic, playful)",0.9988
03/4213.jpg,4;6,"Alertï¿½(attentive, curious);Amusedï¿½(humored, laughing)",4;6;9;11,"Alertï¿½(attentive, curious);Amusedï¿½(humored, laughing);Cheerfulï¿½(delighted, happy, joyful, carefree, optimistic);Consciousï¿½(aware, thoughtful, prepared)",0.9257;1.0000;0.9277;0.9401
03/43.jpg,4;5;11,"Alertï¿½(attentive, curious);Amazedï¿½(surprised, astonished, awed, fascinated, intrigued);Consciousï¿½(aware, thoughtful, prepared)",1;11,"Activeï¿½(energetic, adventurous, vibrant, enthusiastic, playful);Consciousï¿½(aware, thoughtful, prepared)",0.9984;0.8201
03/46313.jpg,2;6,"Afraidï¿½(horrified, scared, fearful);Amusedï¿½(humored, laughing)",1;4;5,"Activeï¿½(energetic, adventurous, vibrant, enthusiastic, playful);Alertï¿½(attentive, curious);Amazedï¿½(surprised, astonished, awed, fascinated, intrigued)",0.9968;0.9999;0.5791
03/48203.jpg,8;9,"Calmï¿½(soothed, peaceful, comforted, fullfilled, cozy);Cheerfulï¿½(delighted, happy, joyful, carefree, optimistic)",1;11,"Activeï¿½(energetic, adventurous, vibrant, enthusiastic, playful);Consciousï¿½(aware, thoughtful, prepared)",1.0000;0.5453
03/52463.jpg,3;6;11,"Alarmedï¿½(concerned, worried, anxious, overwhelmed);Amusedï¿½(humored, laughing);Consciousï¿½(aware, thoughtful, prepared)",9,"Cheerfulï¿½(delighted, happy, joyful, carefree, optimistic)",0.9974
03/5363.jpg,1;4;6,"Activeï¿½(energetic, adventurous, vibrant, enthusiastic, playful);Alertï¿½(attentive, curious);Amusedï¿½(humored, laughing)",6;11,"Amusedï¿½(humored, laughing);Consciousï¿½(aware, thoughtful, prepared)",0.9095;0.9916
03/54033.jpg,1;6,"Activeï¿½(energetic, adventurous, vibrant, enthusiastic, playful);Amusedï¿½(humored, laughing)",1,"Activeï¿½(energetic, adventurous, vibrant, enthusiastic, playful)",1.0000
03/54303.jpg,,,1,"Activeï¿½(energetic, adventurous, vibrant, enthusiastic, playful)",1.0000
03/57233.jpg,1;4,"Activeï¿½(energetic, adventurous, vibrant, enthusiastic, playful);Alertï¿½(attentive, curious)",11,"Consciousï¿½(aware, thoughtful, prepared)",0.6710
03/62643.jpg,1;8,"Activeï¿½(energetic, adventurous, vibrant, enthusiastic, playful);Calmï¿½(soothed, peaceful, comforted, fullfilled, cozy)",1,"Activeï¿½(energetic, adventurous, vibrant, enthusiastic, playful)",1.0000
03/63123.jpg,3;4,"Alarmedï¿½(concerned, worried, anxious, overwhelmed);Alertï¿½(attentive, curious)",1;11,"Activeï¿½(energetic, adventurous, vibrant, enthusiastic, playful);Consciousï¿½(aware, thoughtful, prepared)",0.9995;0.9660
03/63153.jpg,1,"Activeï¿½(energetic, adventurous, vibrant, enthusiastic, playful)",1,"Activeï¿½(energetic, adventurous, vibrant, enthusiastic, playful)",1.0000
03/67583.jpg,4;8,"Alertï¿½(attentive, curious);Calmï¿½(soothed, peaceful, comforted, fullfilled, cozy)",8,"Calmï¿½(soothed, peaceful, comforted, fullfilled, cozy)",1.0000
03/713.jpg,1;8;9,"Activeï¿½(energetic, adventurous, vibrant, enthusiastic, playful);Calmï¿½(soothed, peaceful, comforted, fullfilled, cozy);Cheerfulï¿½(delighted, happy, joyful, carefree, optimistic)",1;6,"Activeï¿½(energetic, adventurous, vibrant, enthusiastic, playful);Amusedï¿½(humored, laughing)",0.9399;0.8154
03/79793.jpg,1;12,"Activeï¿½(energetic, adventurous, vibrant, enthusiastic, playful);Unknown",1;4,"Activeï¿½(energetic, adventurous, vibrant, enthusiastic, playful);Alertï¿½(attentive, curious)",0.9951;1.0000
03/85093.jpg,,,1;6,"Activeï¿½(energetic, adventurous, vibrant, enthusiastic, playful);Amusedï¿½(humored, laughing)",0.9629;0.9988
03/85183.jpg,,,1;6,"Activeï¿½(energetic, adventurous, vibrant, enthusiastic, playful);Amusedï¿½(humored, laughing)",0.9909;0.9694
03/95243.jpg,,,6;9,"Amusedï¿½(humored, laughing);Cheerfulï¿½(delighted, happy, joyful, carefree, optimistic)",0.5415;0.9461
03/95253.jpg,,,,,
